Scenar,,Blok,LongText1,Headline1,Headline2,READING TOTAL,Feedback,Transition DO riadka,Playout,Hlasitost v %,,,,Kody tlacidiel deck,,Pocasie,Teploty,Ikonky,Automaticky nacitane,09.15. 20:27,tempba,temptt,tempnr,temptn,tempza,tempbb,temppo,tempke,text9,text10,Image1,Image2,Image3,Image4,Image5,Image6,Image7,Image8
GUIDE k spravam,,Heading1,Normal rext,Title,Subtitle,5662,,BLANK,Heading2,0,,,,,,Bratislava,25,polooblacno,NENAJDENA TEPLOTA,NENAJDENY ALT,25°C,25°C,26°C,25°C,24°C,23°C,25°C,25°C,°C,°C,polooblacno.gif,polooblacno.gif,slnecno.gif,slnecno.gif,zamracene.gif,polooblacno.gif,slnecno.gif,slnecno.gif
,,HOLD,,Riadok1 headline a 1 r title / Meno v predstavovaku,Riadok2 / Pozicia,1,,BLANK,,0,$NA,,,,,Trnava,25,polooblacno,NENAJDENA TEPLOTA,NENAJDENY ALT,,,,,,,,,,,,,,,,,,
Spravy Gdrive,,,Návrh na odvolanie Tomáša Tarabu je už v paláci. V najbližších týždňoch však minister nikam neodchádza.,Tarabovo,(ne)odvolanie,103,NOT OK,Headline 1,HEADLINE1,40,HEADLINE1.mov,,,18/1/0,,Nitra,26,slnecno,NENAJDENA TEPLOTA,NENAJDENY ALT,,,,,,,,,,,,,,,,,,
pridat riadok kde si kliknuty,,,"Začal sa súd v kauze poľovníckej chaty. Stojí pred ním vyšetrovateľ, ktorý nahral špičky Smeru s Bodorom",Chata v Čifároch,na súde,104,NOT OK,Headline 2,HEADLINE2,40,HEADLINE2.mov,,,18/1/1,,Trencin,25,slnecno,NENAJDENA TEPLOTA,NENAJDENY ALT,,,,,,,,,,,,,,,,,,
,,,Vo voľbách budeme krúžkovať už len dvoch poslancov namiesto štyroch. Je to obchod za zrušenie voľby poštou.,Koalícia chce,menej krúžkov,107,NOT OK,Headline 3,HEADLINE3,40,HEADLINE3.mov,,,18/1/2,,Zilina,24,zamracene,NENAJDENA TEPLOTA,NENAJDENY ALT,,,,,,,,,,,,,,,,,,
,,INTRO,,Gabriela Kajtárová,,,NOT OK,Intro,Intro,0,,,,18/1/3,,Banska,23,polooblacno,NENAJDENA TEPLOTA,NENAJDENY ALT,,,,,,,,,,,,,,,,,,
Odstranit riadok kde si kliknuty,,Taraboviny,"Dobrý večer. Premiér Fico osobne doručil prezidentovi návrh na odvolanie ministra Tomáša Tarabu. Pred tým ho na spoločnej tlačovke chválil a naznačoval, že ide o ústupok strane SNS",Odvolávanie T. Tarabu,,180,OK,Double Box,ILU FICO VEDLA TARABU,50,ILU GLUCK ZILINKA.mp4,,,18/1/4,,Presov,25,slnecno,NENAJDENA TEPLOTA,NENAJDENY ALT,,,,,,,,,,,,,,,,,,
,,Taraboviny,"Fico:
“Ak chceme, aby na Slovensku sa nedostali k moci šarlatáni, lacní Jožkovia, ktorí koktajú pri akýchkoľvek otázkach, ktoré sa týkajú budúcnosti Slovenska a financovania, je treba niekedy prijať rozhodnutia, ktorým ja nerozumiem a nechcel som ich urobiť.”
Grohling:
“Že nerozumie rozhodnutiu premiér sám sebe? Tak keď tomu nerozumie premiér tak kto tomu má rozumieť?”
Michelko:
“Teraz je na ťahu pán prezident. Premiér urobil všetko to, čo mohol. SNSka v tejto chvíli a zatiaľ navrhuje Filipa Kuffu.”
Pelle:
“Sa touto demisiou budem zaoberať po svojom návrate zo zahraničnej služobnej cesty do Spojených štátoch amerických.”",,,628,OK,ILU TO SYN CLUSTER,SYN CLUSTER TARABA,100,SYN CLUSTER GP 2.mp4,,,16/3/3,,Kosice,25,slnecno,NENAJDENA TEPLOTA,NENAJDENY ALT,,,,,,,,,,,,,,,,,,
,,Taraboviny,"Kým prezident Tomáša Tarabu neodvolá, bude naďalej ministrom - odhadom dva až tri týždne.",S odvolaním sa neponáhľajú,,89,OK,SYN TO ILU,ILU TARABA,50,ILU TARABA KUFFA.mp4,,,18/0/5,,,,dazd,,,,,,,,,,,,,,,,,,,,
,,Taraboviny,"Kolíková:
“Takže je vám jedno, čo popodpisuje dovtedy. Necháte ho dokončiť všetky kšefty, ktoré kritizujete, tak asi vám to potom nevadí.”
Michelko:
“Vadí, pretože všetko preveríme.”
Kolíková:
“Tak potom ale nepoužívate všetky nástroje, nepoužívate ich.”",,,254,OK,ILU TO SYN CLUSTER,SYN CLUSTER KOLIKOVA,100,SYN CLUSTER KUFFA.mp4,,,16/3/3,,,,polooblacno,,https://www.imeteo.sk/pocasie/zajtra,,,,,,,,,,,,,,,,,,
LOAD TABULKY.     LOAD CITACKY,,Dva krúžky namiesto štyroch,"Namiesto štyroch poslancov budeme v najbližších voľbách možno krúžkovať len dvoch. Koalícia chce znížiť počet preferenčných krúžkov, aby cez koaličných partnerov prešiel návrh zrušiť voľby poštou zo zahraničia.",Menej krúžkovania,,210,OK,SYN TO ILU TEMA,ILU PARLAMENT,50,ILU TARABA.mp4,,,18/0/7,,,,,,,,,,,,,,,,,,,,,,,,
Toto ti posuva rozsah a v riadku,,Dva krúžky namiesto štyroch,"Gabika:
Čo z toho má občan?
Richter:
O nič nie je v tomto prípade ukratený. O dva kružky. No, dobre, tak budem musieť trošku viacej rozmýšľať, komu tie preferenčné hlasy dá.
Gabika:
Nerobíte to kvôli tomu, že sa vám proste rozpadol klub a prečo sa tu majú vlastne pykať ľudia tým, že prídu o dva kružky.
Michelko:
Bolo to priateľné pre koaličného partnera, zatiaľ je to tak, štvrtok sa ešte uvidí a je to nejaký kompromis.
Gabika:
Stále nerozumiem, prečo občan má prísť o dva preferenčné kružky len kvôli tomu, že vy potrebujete vyhovieť svojmu koaličnému partnerovi.
Gašpar:
Nebudem sa už nejako opakovať. Keď tomu nerozumiete, zostanete v tom nevedomá.
Mesterová:
Evidentne sa potrebujú dohodnúť, aby nejako dovládli.”",,,720,OK,ILU TO SYN CLUSTER,SYN CLUSTER KRUZKY,100,SYN PUCI.mp4,,,16/3/3,,,,,,,,,,,,,,,,,,,,,,,,
kde si kliknuty ti bud spravi volny ,,Dva krúžky namiesto štyroch,Celú reportáž nájdete na našom webe.,Viac na 360tka.sk,,36,OK,SYN TO ILU,ILU GABIKA AVIZO,50,ILU UKRAJINA VLAK.mp4,,,18/0/5,,,,,,,,,,,,,,,,,,,,,,,,
riadok posunutim obsahu dole,,Ferenčák,"Poslanca Jána Ferenčáka obvinili k korupcie. Informoval o tom on sám a tvrdí, že je to na objednávku ministra vnútra Šutaja Eštoka.",Obvinený Ferenčák,,131,OK,ILU TO ILU TEMA,ILU FERENCAK,50,SYN KALLAS.mp4,,,18/1/6,,,,,,,,,,,,,,,,,,,,,,,,
alebo ho zmaze posunutim hore,,Ferenčák,"“Je to jasný odkaz všetkým Slyškom, Tarabovcom, Ferenčákovcom a ostatným poslancom, že majú pekne sedieť, šúchať nožkami a stláčať gombíky tak, ako sa patrí.”",Ján Ferenčák,poslanec NR SR (nezaradený),158,OK,ILU TO SYN,SYN FEREN,100,ILU REAKCIE POLIAKOV.mp4,,,18/0/4,,,,,,,,,,,,,,,,,,,,,,,,
,,Ferenčák,"Policajné prezídium reagovalo, že zásahy odmieta a vyšetrovanie je nezávislé a zákonné.",Reakcia ministerstva,,87,OK,SYN TO ILU,ILU ESTOK,50,SYN SIKORSKI.mp4,,,18/0/5,,,,,,,,,,,,,,,,,,,,,,,,
nedovoli ti to menit po riadok 9,,Adel súd,"Pred piatimi rokmi nahral Roberta Fica na chate v Čifároch, dnes sa za to postavil pred súd. Policajt Martin Juhás čelí obžalobe zo zneužívania právomoci verejného činiteľa pre vyhotovenie nahrávok v kauzy poľovníckej chaty. Na súde bol Adel Ghannam. Adel, je šanca že uvidíme premiéra rozprávať o tom čo sa na chate dialo?",Súd o poľovníckej chate,,323,OK,ILU TO ILU TEMA,ILU cifare,50,ILU CDU.mp4,,,18/1/6,,,,,,,,,,,,,,,,,,,,,,,,
,,Adel súd,"Adel:
“Či uvidíme aj Roberta Fica rozprávať je naozaj otázna, a to vzhľadom na to, že si neuplátnil svoj nárok na náhradu škody, na rozdiel od ostatných poškodených, či už je to Marek Para pozostalý po Miroslavovi Bodorovi alebo Pavol Gašpar, každý jednotlivo žiadajú 30 tisíc eur od Martina Juhasa, a Robert Fico nežiada nič. Tento súd je však primárne o tom, či Martin Juhas neužil svoju právomoc, on to odmieta.”
Para:
“Klamlým spôsobom súda zavedli, zavedli prokuratúru, že majú nejaké informácie, ktoré vynetne nemali.”
Juhas:
“Nikdy som neporušil pri výkoň služobnej činnosti mojej povinnosti, ani žiaden zákon.”",,,618,OK,ILU TO SYN CLUSTER,SYN CLUSTER ADEL,100,ILU KALAVSKY.mp4,,,16/3/3,,,,,,,,,,,,,,,,,,,,,,,,
Vzorec v O uz netreba riesit robi,,Prieskum,Približne polovica opozičných voličov odmieta bližšiu spoluprácu s Maďarskou alianciou. Ukázal to exkluzívny prieskum agentúry Focus pre 360tku.,Spolupráca s Alianciou,,144,OK,SYN TO ILU TEMA,ILU GUBIK,50,ILU ZALA.mp4,,,18/0/7,,,,,,,,,,,,,,,,,,,,,,,,
sa to samo,,Prieskum,"“Tu sú výsledky toho, ako to dokopí vydia voliči strán PS, hnutia Slovensko, KDH, SAS a demokratov. 46% z nich chce, aby s Maďarskou alianciou tieto strany spolupracovali viac, 45% je naopak proti, no a 9% na to nemá názor.”",Denisa Hopková,reportérka 360tky,224,OK,ILU TO SYN,SYN PRIESKUM,100,ILU SVIATOK.mp4,,,18/0/4,,,,,,,,,,,,,,,,,,,,,,,,
9,,Prieskum,"Ako sa líšia názory voličov jednotlivých strán a čo si o spolupráci s opozíciou mysia podporovatelia Maďarskej aliancie - dozviete sa v celom prieskume, ktorý nájdete na našom webe.",Viac na 360tka.sk,,181,OK,SYN TO ILU,ILU PRIESKUM AVIZO,50,ILU ZVEREV.mp4,,,18/0/5,,,,,,,,,,,,,,,,,,,,,,,,
PATH na sources prefix,,SPRÁVY JEDNOU VETOU,"Stíhačky NATO zostrelili dron, ktorý vošiel do litovského vzdušného priestoru. Letel z Bieloruska a smeroval na západ.",Zostrelený dron nad Litvou,,118,OK,Spravy JV,ILU LITVA,50,ILU LOBOTKA.mp4,,,18/2/0,,,,,,,,,,,,,,,,,,,,,,,,
Z:\26_PROJEKTY\016_Spravy_360s\0915,,SPRÁVY JEDNOU VETOU,"Štát vyhral kľúčový súdny spor o Národný futbalový štadión. Nemusí tak zaplatiť požadovaných takmer 70 miliónov, naopak vráti sa mu milión eur na súdnych trovách.",Štát vyhral súd o štadión,,162,OK,Spravy JV NEXT,ILU HULIAK,50,ILU UKRAJINA 1.mp4,,,18/3/0,,,,,,,,,,,,,,,,,,,,,,,,
nazov zlozky = datum - je automaticky MMDD,,ŠPORT,Dnes sa začína nová sezóna najvyššej slovenskej hokejovej súťaže. Obhajcovia titulu z Nitry hrajú prvý zápas na domácom štadióne so súperom z minuloročného finále - Slovanom Bratislava.,Začína sa Tipsport liga,,185,OK,Sport,ILU HOKEJ,50,ILU AVIZO POMAJBO.mp4,,,18/2/1,,,,,,,,,,,,,,,,,,,,,,,,
0915,,ŠPORT,AS Rím aj Inter Miláno si pripísali víťazstvá a sú tak na prvých dvoch priečkach tabuľky talianskej Série A. Oba tímy vyhrali všetky 4 úvodné zápasy sezóny.,AS Rím a Inter na čele,,156,OK,Sport NEXT,ILU SERIA A,50,SYN AVIZO.mp4,,,18/3/1,,,,,,,,,,,,,,,,,,,,,,,,
Path override (date below):,,POČASIE,"Zajtra bude podobne ako dnes - jasno až polooblačno, cez deň od 19 do 26 stupňov. V noci sa môže ochladiť až na 6 stupňov.",,,122,NOT OK,Pocasie,POCASIE,,ILU NORSKO.mp4,,,18/2/3,,,,,,,,,,,,,,,,,,,,,,,,
,,ZÁVER + AVIZO,"No a na záver ešte jeden tip od nás. Ministerka Denisa Saková sa pre 360tku vôbec po prvýkrát vyjadrila ku kauze Kozmetička aj k rozhodnutiu premiéra vziať časť kompetencií. Všetko nájdete v reportáži na 360tka.sk.
To je na dnes všetko. Dovidenia opäť zajtra.",Sledujte na www.360tka.sk,,259,OK,Zaver,ILU AVIZO SAKOVA F,50,ILU AVIZO.mp4,,,18/2/4,,,,,,,,,,,,,,,,,,,,,,,,
backup starych sprav,,xxxxxxxxxxxxxxxxxxxxxxxxxxxxxxxxxxxxxxxxxxxxxxx,"No a na záver ešte jeden tip od nás. Kozmetička v dozornej rade vraj spĺňala zákonné podmienky na funkciu, tvrdí ministerka hospodárstva Denisa Saková v reportáži Adela Ghannama. Zároveň však hovorí, že spravila príslušné opatrenia, aby sa to v budúcnosti už nestalo. Vyjadrila sa ak k rozhodnutiu premiéra prevziať rezortu hospodárstva odkúpenie spoločnosti ČEZ.",Sledujte na www.360tka.sk,,363,,OUTRO,ILU AVIZO SAKOVA,,SYN frecer.mp4,,,18/2/5,,,,,,,,,,,,,,,,,,,,,,,,
https://docs.google.com/document/d/1aGeOstYLM4PPF8rd8UwlClC2E_oideFLsd_JDd3oV4Q/edit?usp=sharing,,xxxxxxxxxxxxxxxxxxxxxxxxxxxxxxxxxxxxxxxxxxxxxxx,"Saková:
“Ja absolútne rešpektujem rozhodnutie pána premiéra, kedy povedal, že ministerstvo hospodárstva berie všetky kompetencie. Nevedeli sme, ako ja, ministerstvo hospodárstva a ministerka hospodárstva úplne s tou navrhovanou cenou súhlasiť.
Šipoš:
“Úlohou ministerky hospodárstva je chrániť ekonomický záujem Slovenska, neústupovať premiérovi Ficovi, ktorí chce urobiť obchod za každú cenu.”",,,,,,SYN AVIZO,,SYN AVIZO NOVE.mp4,,,,,,,,,,,,,,,,,,,,,,,,,,,
,,xxxxxxxxxxxxxxxxxxxxxxxxxxxxxxxxxxxxxxxxxxxxxxx,"Celú reportáž nájdete na našom webe. A to je na dnes všetko, dovidenia opäť zajtra.",Sledujte na www.360tka.sk,,,,,ILU AVIZO SAKOVA,,,,,,,,,,,,,,,,,,,,,,,,,,,,,
,,xxxxxxxxxxxxxxxxxxxxxxxxxxxxxxxxxxxxxxxxxxxxxxx,"Ústavný súd odmietol sťažnosť Mariána Kočnera, ktorý tvrdí, že Najvyšší súd nerozhodol dostatočne rýchlo o jeho žiadosti o prepustenie z väzenia. Podľa Ústavného súdu je sťažnosť zjavne neopodstatnená.
bol viac ako 30 rokov dňom pracovného pokoja. Vláda to však vlani zrušila v rámci konsolidačných opatrení a 15. septembra sa tento rok pracovalo. Podľa opozície to spôsobilo veľké komplikaćie pre zamestnávateľov, keďže vláda dnešok ponechala ako sviatok, čo znamená 100-percentné príplatky pre zamestnancov.",Ústavný súd nevyhovel Kočnerovi,,,,,ILU KOCNER,,,,,,,,,,,,,,,,,,,,,,,,,,,,,
Spravy citacka edit,,xxxxxxxxxxxxxxxxxxxxxxxxxxxxxxxxxxxxxxxxxxxxxxx,"“Školy fungujú, ale samozrejme, že učitelia musia mať stopercentný príplatok. Školy peniaze nedostali na tento stopercentný príplatok. Toto isté sa deje aj v zdravotníctve. Je to jeden chaos a jeden bordel.”",Branislav Gröhling,predseda SaS,,,,SYN,,,,,,,,,,,,,,,,,,,,,,,,,,,,,
spravy citacka do citacky,,xxxxxxxxxxxxxxxxxxxxxxxxxxxxxxxxxxxxxxxxxxxxxxx,"Opozícia zároveň pripomína, že rovnaký problém bol aj 8. mája na Deň víťazstva nad Fašizmom. Vláda aj tu v rámci konsolidácie zrušila pracovné voľno.
Celonárodná púť Slovenska k patrónke Slovenska – Sedembolestnej Panne Márii
Žilinka reaguje na Smerákov, Kuffa nemá ministerský post istý a Poliaci posielajú Putinovi odkaz
14. 9. 2026",Podobné to bolo 8. 5.,,,,,ILU,,,,,,,,,,,,,,,,,,,,,,,,,,,,,
,,xxxxxxxxxxxxxxxxxxxxxxxxxxxxxxxxxxxxxxxxxxxxxxx,Voľba nového generálneho prokurátora ešte v tomto volebnom období? Politici Smeru hovoria o dobrom nápade. Čo na to Maroš Žilinka?,Voľba nového,generálneho prokurátora,,,,HEADLINE1,,,,,,,,,,,,,,,,,,,,,,,,,,,,,
,,xxxxxxxxxxxxxxxxxxxxxxxxxxxxxxxxxxxxxxxxxxxxxxx,Hľadá sa nový minister životného prostredia. SNS trvá na svojom nominantovi - pre Smer to až také jasné nie je.,Kto nahradí,T. Tarabu,,,,HEADLINE2,,,,,,,,,,,,,,,,,,,,,,,,,,,,,
,,xxxxxxxxxxxxxxxxxxxxxxxxxxxxxxxxxxxxxxxxxxxxxxx,Európa je pobúrená. Dvaja expremiéri aj bývalý šéf CIA tesne unikli ruskému útoku pri poľských hraniciach.,Európa reaguje,na útok pri Poľsku,,,,HEADLINE3,,,,,,,,,,,,,,,,,,,,,,,,,,,,,
,,INTRO,,Gabriela Kajtárová,,,,,Intro,,,,,,,,,,,,,,,,,,,,,,,,,,,,,
,,Kaliňák voľba GP,Dobrý večer. Mohla by nového generálneho prokurátora zvoliť ešte táto koalícia? Podľa niektorých politikov Smeru by to bol dobrý nápad. Funkčné obdobie Maroša Žilinku sa pritom končí až pár mesiacov po voľbách,Vláda chce voliť nového GP,,,,,ILU GLUCK ZILINKA,,,,,,,,,,,,,,,,,,,,,,,,,,,,,
,,Kaliňák voľba GP,"Denisa:
“Či by ste boli za to, aby sa nový generálny prokurátor volil ešte pred voľbami?”
Gluck:
“Rozhodne áno.”
Žilinka:
“Máme tu dlhodobo neobsadený post sudcu na ústavnom súde, dokonca teraz sú už tie miesta dve. Pripadla mi také zvláštne, že by sa mal voliť generálny prokurátor, ktorý je legitimne obsadený.”
Šipoš:
“Potrebujú tam dosadiť svojho človeka, ktorý ich bude chrániť na ďalších 7 rokov.”
Kaliňák:
“Nevolí sa kandidát po skončení mandátu, mal by sa predtým. Čiže je to téma. Len sa na to musí byť väčšina zhodnúť.”",,,,,,SYN CLUSTER GP 2,,,,,,,,,,,,,,,,,,,,,,,,,,,,,
,,Taraboviny,"Už zajtra by mal premiér Robert Fico poslať prezidentovi návrh na výmenu ministra životného prostredia. SNS ráta s tým, že Tomáša Tarabu nahradí štátny tajomník Filip Kuffa.",Nový minister životného prostredia,,,,,ILU TARABA KUFFA,,,,,,,,,,,,,,,,,,,,,,,,,,,,,
,,Taraboviny,"Denisa:
“Ako by sa vám pozdával pán Kufa ako nový minister životného prostredia?”
Kaliňák:
“To nie je téma a zase sme na hypotetických otázkach, také meno nepadlo.”
Denisa:
“Áno, oni to stále hovoria, že to je ich kandidát.”
Kaliňák:
“Myslím si, že neviem o tom.”
Michelko:
“To už naozaj nechápem, lebo bolo to v všetkých možných médiách.
Denisa:
“Pán Kufa to teda podľa vás nebude?
Kaliňák:
“Ja nepredpokladám, preto ktorým čo som ja mal takého informácie, takto z verejnosti, ktoré sa hovoria, tak nie je úplne, by som povedal, priechodným kandidátom.”
Michelko:
“Dikcia ústavy je tak napísaná, že si neviem predstaviť, že by toto mohlo byť spochybnené.”
Gašpar:
“Je zbytočné teraz hodnotiť pána Kuffu, keď to možno vôbec nebude nominácia na pána Kuffu.”",,,,,,SYN CLUSTER KUFFA,,,,,,,,,,,,,,,,,,,,,,,,,,,,,
,,Taraboviny,"Samotný Tomáš Tarba hovorí, že bude autonónmny poslanec a naznačuje, že by mohol mať aj spojencov - napríklad nezaradeného exposlanca Hlasu Jána Ferenčáka či súčasného poslanca Hlasu Petra Slyška.",Plány T. Tarabu,,,,,ILU TARABA,,,,,,,,,,,,,,,,,,,,,,,,,,,,,
,,,,,,,,,,,,,,,,,,,,,,,,,,,,,,,,,,,,,,
"""=TEXTJOIN(CHAR(10), TRUE, ARRAYFORMULA(F2:F & CHAR(10) & C2:C & CHAR(10) & ""#######""))""
",,,,,,,,,,,,,,,,,,,,,,,,,,,,,,,,,,,,,,
,,,,,,,,,,,,,,,,,,,,,,,,,,,,,,,,,,,,,,
,,,,,,,,,,,,,,,,,,,,,,,,,,,,,,,,,,,,,,
,,,,,,,,,,,,,,,,,,,,,,,,,,,,,,,,,,,,,,
,,,,,,,,,,,,,,,,,,,,,,,,,,,,,,,,,,,,,,
,,,,,,,,,,,,,,,,,,,,,,,,,,,,,,,,,,,,,,
,,,,,,,,,,,,,,,,,,,,,,,,,,,,,,,,,,,,,,
,,,,,,,,,,,,,,,,,,,,,,,,,,,,,,,,,,,,,,
,,,,,,,,,,,,,,,,,,,,,,,,,,,,,,,,,,,,,,
,,,,,,,,,,,,,,,,,,,,,,,,,,,,,,,,,,,,,,
,,,,,,,,,,,,,,,,,,,,,,,,,,,,,,,,,,,,,,
,,,,,,,,,,,,,,,,,,,,,,,,,,,,,,,,,,,,,,
,,,,,,,,,,,,,,,,,,,,,,,,,,,,,,,,,,,,,,
,,,,,,,,,,,,,,,,,,,,,,,,,,,,,,,,,,,,,,
,,,,,,,,,,,,,,,,,,,,,,,,,,,,,,,,,,,,,,
,,,,,,,,,,,,,,,,,,,,,,,,,,,,,,,,,,,,,,
,,,,,,,,,,,,,,,,,,,,,,,,,,,,,,,,,,,,,,
,,,,,,,,,,,,,,,,,,,,,,,,,,,,,,,,,,,,,,
,,,,,,,,,,,,,,,,,,,,,,,,,,,,,,,,,,,,,,
,,,,,,,,,,,,,,,,,,,,,,,,,,,,,,,,,,,,,,
,,,,,,,,,,,,,,,,,,,,,,,,,,,,,,,,,,,,,,
,,,,,,,,,,,,,,,,,,,,,,,,,,,,,,,,,,,,,,
,,,,,,,,,,,,,,,,,,,,,,,,,,,,,,,,,,,,,,
,,,,,,,,,,,,,,,,,,,,,,,,,,,,,,,,,,,,,,
,,,,,,,,,,,,,,,,,,,,,,,,,,,,,,,,,,,,,,
,,,,,,,,,,,,,,,,,,,,,,,,,,,,,,,,,,,,,,
,,,,,,,,,,,,,,,,,,,,,,,,,,,,,,,,,,,,,,
,,,,,,,,,,,,,,,,,,,,,,,,,,,,,,,,,,,,,,
,,,,,,,,,,,,,,,,,,,,,,,,,,,,,,,,,,,,,,
,,,,,,,,,,,,,,,,,,,,,,,,,,,,,,,,,,,,,,
,,,,,,,,,,,,,,,,,,,,,,,,,,,,,,,,,,,,,,
,,,,,,,,,,,,,,,,,,,,,,,,,,,,,,,,,,,,,,
,,,,,,,,,,,,,,,,,,,,,,,,,,,,,,,,,,,,,,
,,,,,,,,,,,,,,,,,,,,,,,,,,,,,,,,,,,,,,
,,,,,,,,,,,,,,,,,,,,,,,,,,,,,,,,,,,,,,
,,,,,,,,,,,,,,,,,,,,,,,,,,,,,,,,,,,,,,
,,,,,,,,,,,,,,,,,,,,,,,,,,,,,,,,,,,,,,
,,,,,,,,,,,,,,,,,,,,,,,,,,,,,,,,,,,,,,
,,,,,,,,,,,,,,,,,,,,,,,,,,,,,,,,,,,,,,
,,,,,,,,,,,,,,,,,,,,,,,,,,,,,,,,,,,,,,
,,,,,,,,,,,,,,,,,,,,,,,,,,,,,,,,,,,,,,
,,,,,,,,,,,,,,,,,,,,,,,,,,,,,,,,,,,,,,
,,,,,,,,,,,,,,,,,,,,,,,,,,,,,,,,,,,,,,
,,,,,,,,,,,,,,,,,,,,,,,,,,,,,,,,,,,,,,
,,,,,,,,,,,,,,,,,,,,,,,,,,,,,,,,,,,,,,
,,,,,,,,,,,,,,,,,,,,,,,,,,,,,,,,,,,,,,
,,,,,,,,,,,,,,,,,,,,,,,,,,,,,,,,,,,,,,
,,,,,,,,,,,,,,,,,,,,,,,,,,,,,,,,,,,,,,
,,,,,,,,,,,,,,,,,,,,,,,,,,,,,,,,,,,,,,
,,,,,,,,,,,,,,,,,,,,,,,,,,,,,,,,,,,,,,
,,,,,,,,,,,,,,,,,,,,,,,,,,,,,,,,,,,,,,
,,,,,,,,,,,,,,,,,,,,,,,,,,,,,,,,,,,,,,
,,,,,,,,,,,,,,,,,,,,,,,,,,,,,,,,,,,,,,
,,,,,,,,,,,,,,,,,,,,,,,,,,,,,,,,,,,,,,
,,,,,,,,,,,,,,,,,,,,,,,,,,,,,,,,,,,,,,
,,,,,,,,,,,,,,,,,,,,,,,,,,,,,,,,,,,,,,
,,,,,,,,,,,,,,,,,,,,,,,,,,,,,,,,,,,,,,
,,,,,,,,,,,,,,,,,,,,,,,,,,,,,,,,,,,,,,
,,,,,,,,,,,,,,,,,,,,,,,,,,,,,,,,,,,,,,
,,,,,,,,,,,,,,,,,,,,,,,,,,,,,,,,,,,,,,
,,,,,,,,,,,,,,,,,,,,,,,,,,,,,,,,,,,,,,
,,,,,,,,,,,,,,,,,,,,,,,,,,,,,,,,,,,,,,
,,,,,,,,,,,,,,,,,,,,,,,,,,,,,,,,,,,,,,
,,,,,,,,,,,,,,,,,,,,,,,,,,,,,,,,,,,,,,
,,,,,,,,,,,,,,,,,,,,,,,,,,,,,,,,,,,,,,
,,,,,,,,,,,,,,,,,,,,,,,,,,,,,,,,,,,,,,
,,,,,,,,,,,,,,,,,,,,,,,,,,,,,,,,,,,,,,
,,,,,,,,,,,,,,,,,,,,,,,,,,,,,,,,,,,,,,
,,,,,,,,,,,,,,,,,,,,,,,,,,,,,,,,,,,,,,
,,,,,,,,,,,,,,,,,,,,,,,,,,,,,,,,,,,,,,
,,,,,,,,,,,,,,,,,,,,,,,,,,,,,,,,,,,,,,
,,,,,,,,,,,,,,,,,,,,,,,,,,,,,,,,,,,,,,
,,,,,,,,,,,,,,,,,,,,,,,,,,,,,,,,,,,,,,
,,,,,,,,,,,,,,,,,,,,,,,,,,,,,,,,,,,,,,
,,,,,,,,,,,,,,,,,,,,,,,,,,,,,,,,,,,,,,
,,,,,,,,,,,,,,,,,,,,,,,,,,,,,,,,,,,,,,
,,,,,,,,,,,,,,,,,,,,,,,,,,,,,,,,,,,,,,
,,,,,,,,,,,,,,,,,,,,,,,,,,,,,,,,,,,,,,
,,,,,,,,,,,,,,,,,,,,,,,,,,,,,,,,,,,,,,
,,,,,,,,,,,,,,,,,,,,,,,,,,,,,,,,,,,,,,
,,,,,,,,,,,,,,,,,,,,,,,,,,,,,,,,,,,,,,
,,,,,,,,,,,,,,,,,,,,,,,,,,,,,,,,,,,,,,
,,,,,,,,,,,,,,,,,,,,,,,,,,,,,,,,,,,,,,
,,,,,,,,,,,,,,,,,,,,,,,,,,,,,,,,,,,,,,
,,,,,,,,,,,,,,,,,,,,,,,,,,,,,,,,,,,,,,
,,,,,,,,,,,,,,,,,,,,,,,,,,,,,,,,,,,,,,
,,,,,,,,,,,,,,,,,,,,,,,,,,,,,,,,,,,,,,
,,,,,,,,,,,,,,,,,,,,,,,,,,,,,,,,,,,,,,
,,,,,,,,,,,,,,,,,,,,,,,,,,,,,,,,,,,,,,
,,,,,,,,,,,,,,,,,,,,,,,,,,,,,,,,,,,,,,
,,,,,,,,,,,,,,,,,,,,,,,,,,,,,,,,,,,,,,
,,,,,,,,,,,,,,,,,,,,,,,,,,,,,,,,,,,,,,
,,,,,,,,,,,,,,,,,,,,,,,,,,,,,,,,,,,,,,
,,,,,,,,,,,,,,,,,,,,,,,,,,,,,,,,,,,,,,
,,,,,,,,,,,,,,,,,,,,,,,,,,,,,,,,,,,,,,
,,,,,,,,,,,,,,,,,,,,,,,,,,,,,,,,,,,,,,
,,,,,,,,,,,,,,,,,,,,,,,,,,,,,,,,,,,,,,
,,,,,,,,,,,,,,,,,,,,,,,,,,,,,,,,,,,,,,
,,,,,,,,,,,,,,,,,,,,,,,,,,,,,,,,,,,,,,
,,,,,,,,,,,,,,,,,,,,,,,,,,,,,,,,,,,,,,
,,,,,,,,,,,,,,,,,,,,,,,,,,,,,,,,,,,,,,
,,,,,,,,,,,,,,,,,,,,,,,,,,,,,,,,,,,,,,
,,,,,,,,,,,,,,,,,,,,,,,,,,,,,,,,,,,,,,
,,,,,,,,,,,,,,,,,,,,,,,,,,,,,,,,,,,,,,
,,,,,,,,,,,,,,,,,,,,,,,,,,,,,,,,,,,,,,
,,,,,,,,,,,,,,,,,,,,,,,,,,,,,,,,,,,,,,
,,,,,,,,,,,,,,,,,,,,,,,,,,,,,,,,,,,,,,
,,,,,,,,,,,,,,,,,,,,,,,,,,,,,,,,,,,,,,
,,,,,,,,,,,,,,,,,,,,,,,,,,,,,,,,,,,,,,
,,,,,,,,,,,,,,,,,,,,,,,,,,,,,,,,,,,,,,
,,,,,,,,,,,,,,,,,,,,,,,,,,,,,,,,,,,,,,
,,,,,,,,,,,,,,,,,,,,,,,,,,,,,,,,,,,,,,
,,,,,,,,,,,,,,,,,,,,,,,,,,,,,,,,,,,,,,
,,,,,,,,,,,,,,,,,,,,,,,,,,,,,,,,,,,,,,
,,,,,,,,,,,,,,,,,,,,,,,,,,,,,,,,,,,,,,
,,,,,,,,,,,HEADLINE1.mov,,,,,,,,,,,,,,,,,,,,,,,,,,,
,,,,,,,,,,,HEADLINE1.mov,,,,,,,,,,,,,,,,,,,,,,,,,,,
,,,,,,,,,,,HEADLINE1.mov,,,,,,,,,,,,,,,,,,,,,,,,,,,
,,,,,,,,,,,HEADLINE1.mov,,,,,,,,,,,,,,,,,,,,,,,,,,,
,,,,,,,,,,,HEADLINE1.mov,,,,,,,,,,,,,,,,,,,,,,,,,,,
,,,,,,,,,,,HEADLINE1.mov,,,,,,,,,,,,,,,,,,,,,,,,,,,
,,,,,,,,,,,HEADLINE1.mov,,,,,,,,,,,,,,,,,,,,,,,,,,,
,,,,,,,,,,,HEADLINE1.mov,,,,,,,,,,,,,,,,,,,,,,,,,,,
,,,,,,,,,,,HEADLINE1.mov,,,,,,,,,,,,,,,,,,,,,,,,,,,
,,,,,,,,,,,HEADLINE1.mov,,,,,,,,,,,,,,,,,,,,,,,,,,,
,,,,,,,,,,,HEADLINE1.mov,,,,,,,,,,,,,,,,,,,,,,,,,,,
,,,,,,,,,,,HEADLINE1.mov,,,,,,,,,,,,,,,,,,,,,,,,,,,
,,,,,,,,,,,HEADLINE1.mov,,,,,,,,,,,,,,,,,,,,,,,,,,,
,,,,,,,,,,,HEADLINE1.mov,,,,,,,,,,,,,,,,,,,,,,,,,,,
,,,,,,,,,,,HEADLINE1.mov,,,,,,,,,,,,,,,,,,,,,,,,,,,
,,,,,,,,,,,HEADLINE1.mov,,,,,,,,,,,,,,,,,,,,,,,,,,,
,,,,,,,,,,,HEADLINE1.mov,,,,,,,,,,,,,,,,,,,,,,,,,,,
,,,,,,,,,,,HEADLINE1.mov,,,,,,,,,,,,,,,,,,,,,,,,,,,
,,,,,,,,,,,HEADLINE1.mov,,,,,,,,,,,,,,,,,,,,,,,,,,,
,,,,,,,,,,,HEADLINE1.mov,,,,,,,,,,,,,,,,,,,,,,,,,,,
,,,,,,,,,,,HEADLINE1.mov,,,,,,,,,,,,,,,,,,,,,,,,,,,
,,,,,,,,,,,HEADLINE1.mov,,,,,,,,,,,,,,,,,,,,,,,,,,,
,,,,,,,,,,,HEADLINE1.mov,,,,,,,,,,,,,,,,,,,,,,,,,,,
,,,,,,,,,,,HEADLINE1.mov,,,,,,,,,,,,,,,,,,,,,,,,,,,
,,,,,,,,,,,HEADLINE1.mov,,,,,,,,,,,,,,,,,,,,,,,,,,,
,,,,,,,,,,,HEADLINE1.mov,,,,,,,,,,,,,,,,,,,,,,,,,,,
,,,,,,,,,,,HEADLINE1.mov,,,,,,,,,,,,,,,,,,,,,,,,,,,
,,,,,,,,,,,HEADLINE1.mov,,,,,,,,,,,,,,,,,,,,,,,,,,,
,,,,,,,,,,,HEADLINE1.mov,,,,,,,,,,,,,,,,,,,,,,,,,,,
,,,,,,,,,,,HEADLINE1.mov,,,,,,,,,,,,,,,,,,,,,,,,,,,
,,,,,,,,,,,HEADLINE1.mov,,,,,,,,,,,,,,,,,,,,,,,,,,,
,,,,,,,,,,,HEADLINE1.mov,,,,,,,,,,,,,,,,,,,,,,,,,,,
,,,,,,,,,,,HEADLINE1.mov,,,,,,,,,,,,,,,,,,,,,,,,,,,
,,,,,,,,,,,HEADLINE1.mov,,,,,,,,,,,,,,,,,,,,,,,,,,,
,,,,,,,,,,,HEADLINE1.mov,,,,,,,,,,,,,,,,,,,,,,,,,,,
,,,,,,,,,,,HEADLINE1.mov,,,,,,,,,,,,,,,,,,,,,,,,,,,
,,,,,,,,,,,HEADLINE1.mov,,,,,,,,,,,,,,,,,,,,,,,,,,,
,,,,,,,,,,,HEADLINE1.mov,,,,,,,,,,,,,,,,,,,,,,,,,,,
,,,,,,,,,,,HEADLINE1.mov,,,,,,,,,,,,,,,,,,,,,,,,,,,
,,,,,,,,,,,HEADLINE1.mov,,,,,,,,,,,,,,,,,,,,,,,,,,,
,,,,,,,,,,,HEADLINE1.mov,,,,,,,,,,,,,,,,,,,,,,,,,,,
,,,,,,,,,,,HEADLINE1.mov,,,,,,,,,,,,,,,,,,,,,,,,,,,
,,,,,,,,,,,HEADLINE1.mov,,,,,,,,,,,,,,,,,,,,,,,,,,,
,,,,,,,,,,,HEADLINE1.mov,,,,,,,,,,,,,,,,,,,,,,,,,,,
,,,,,,,,,,,HEADLINE1.mov,,,,,,,,,,,,,,,,,,,,,,,,,,,
,,,,,,,,,,,HEADLINE1.mov,,,,,,,,,,,,,,,,,,,,,,,,,,,
,,,,,,,,,,,HEADLINE1.mov,,,,,,,,,,,,,,,,,,,,,,,,,,,
,,,,,,,,,,,HEADLINE1.mov,,,,,,,,,,,,,,,,,,,,,,,,,,,
,,,,,,,,,,,HEADLINE1.mov,,,,,,,,,,,,,,,,,,,,,,,,,,,
,,,,,,,,,,,HEADLINE1.mov,,,,,,,,,,,,,,,,,,,,,,,,,,,
,,,,,,,,,,,HEADLINE1.mov,,,,,,,,,,,,,,,,,,,,,,,,,,,
,,,,,,,,,,,HEADLINE1.mov,,,,,,,,,,,,,,,,,,,,,,,,,,,
,,,,,,,,,,,HEADLINE1.mov,,,,,,,,,,,,,,,,,,,,,,,,,,,
,,,,,,,,,,,HEADLINE1.mov,,,,,,,,,,,,,,,,,,,,,,,,,,,
,,,,,,,,,,,HEADLINE1.mov,,,,,,,,,,,,,,,,,,,,,,,,,,,
,,,,,,,,,,,HEADLINE1.mov,,,,,,,,,,,,,,,,,,,,,,,,,,,
,,,,,,,,,,,HEADLINE1.mov,,,,,,,,,,,,,,,,,,,,,,,,,,,
,,,,,,,,,,,HEADLINE1.mov,,,,,,,,,,,,,,,,,,,,,,,,,,,
,,,,,,,,,,,HEADLINE1.mov,,,,,,,,,,,,,,,,,,,,,,,,,,,
,,,,,,,,,,,HEADLINE1.mov,,,,,,,,,,,,,,,,,,,,,,,,,,,
,,,,,,,,,,,HEADLINE1.mov,,,,,,,,,,,,,,,,,,,,,,,,,,,
,,,,,,,,,,,,,,,,,,,,,,,,,,,,,,,,,,,,,,
,,,,,,,,,,,,,,,,,,,,,,,,,,,,,,,,,,,,,,
,,,,,,,,,,,,,,,,,,,,,,,,,,,,,,,,,,,,,,
,,,,,,,,,,,,,,,,,,,,,,,,,,,,,,,,,,,,,,
,,,,,,,,,,,,,,,,,,,,,,,,,,,,,,,,,,,,,,
,,,,,,,,,,,,,,,,,,,,,,,,,,,,,,,,,,,,,,
,,,,,,,,,,,,,,,,,,,,,,,,,,,,,,,,,,,,,,
,,,,,,,,,,,,,,,,,,,,,,,,,,,,,,,,,,,,,,
,,,,,,,,,,,,,,,,,,,,,,,,,,,,,,,,,,,,,,
,,,,,,,,,,,,,,,,,,,,,,,,,,,,,,,,,,,,,,
,,,,,,,,,,,,,,,,,,,,,,,,,,,,,,,,,,,,,,
,,,,,,,,,,,,,,,,,,,,,,,,,,,,,,,,,,,,,,
,,,,,,,,,,,,,,,,,,,,,,,,,,,,,,,,,,,,,,
,,,,,,,,,,,,,,,,,,,,,,,,,,,,,,,,,,,,,,
,,,,,,,,,,,,,,,,,,,,,,,,,,,,,,,,,,,,,,
,,,,,,,,,,,,,,,,,,,,,,,,,,,,,,,,,,,,,,
,,,,,,,,,,,,,,,,,,,,,,,,,,,,,,,,,,,,,,
,,,,,,,,,,,,,,,,,,,,,,,,,,,,,,,,,,,,,,
,,,,,,,,,,,,,,,,,,,,,,,,,,,,,,,,,,,,,,
,,,,,,,,,,,,,,,,,,,,,,,,,,,,,,,,,,,,,,
,,,,,,,,,,,,,,,,,,,,,,,,,,,,,,,,,,,,,,
,,,,,,,,,,,,,,,,,,,,,,,,,,,,,,,,,,,,,,
,,,,,,,,,,,,,,,,,,,,,,,,,,,,,,,,,,,,,,
,,,,,,,,,,,,,,,,,,,,,,,,,,,,,,,,,,,,,,
,,,,,,,,,,,,,,,,,,,,,,,,,,,,,,,,,,,,,,
,,,,,,,,,,,,,,,,,,,,,,,,,,,,,,,,,,,,,,
,,,,,,,,,,,,,,,,,,,,,,,,,,,,,,,,,,,,,,
,,,,,,,,,,,,,,,,,,,,,,,,,,,,,,,,,,,,,,
,,,,,,,,,,,,,,,,,,,,,,,,,,,,,,,,,,,,,,
,,,,,,,,,,,,,,,,,,,,,,,,,,,,,,,,,,,,,,
,,,,,,,,,,,,,,,,,,,,,,,,,,,,,,,,,,,,,,
,,,,,,,,,,,,,,,,,,,,,,,,,,,,,,,,,,,,,,
,,,,,,,,,,,,,,,,,,,,,,,,,,,,,,,,,,,,,,
,,,,,,,,,,,,,,,,,,,,,,,,,,,,,,,,,,,,,,
,,,,,,,,,,,,,,,,,,,,,,,,,,,,,,,,,,,,,,
,,,,,,,,,,,,,,,,,,,,,,,,,,,,,,,,,,,,,,
,,,,,,,,,,,,,,,,,,,,,,,,,,,,,,,,,,,,,,
,,,,,,,,,,,,,,,,,,,,,,,,,,,,,,,,,,,,,,
,,,,,,,,,,,,,,,,,,,,,,,,,,,,,,,,,,,,,,
,,,,,,,,,,,,,,,,,,,,,,,,,,,,,,,,,,,,,,
,,,,,,,,,,,,,,,,,,,,,,,,,,,,,,,,,,,,,,
,,,,,,,,,,,,,,,,,,,,,,,,,,,,,,,,,,,,,,
,,,,,,,,,,,,,,,,,,,,,,,,,,,,,,,,,,,,,,
,,,,,,,,,,,,,,,,,,,,,,,,,,,,,,,,,,,,,,
,,,,,,,,,,,,,,,,,,,,,,,,,,,,,,,,,,,,,,
,,,,,,,,,,,,,,,,,,,,,,,,,,,,,,,,,,,,,,
,,,,,,,,,,,,,,,,,,,,,,,,,,,,,,,,,,,,,,
,,,,,,,,,,,,,,,,,,,,,,,,,,,,,,,,,,,,,,
,,,,,,,,,,,,,,,,,,,,,,,,,,,,,,,,,,,,,,
,,,,,,,,,,,,,,,,,,,,,,,,,,,,,,,,,,,,,,
,,,,,,,,,,,,,,,,,,,,,,,,,,,,,,,,,,,,,,
,,,,,,,,,,,,,,,,,,,,,,,,,,,,,,,,,,,,,,
,,,,,,,,,,,,,,,,,,,,,,,,,,,,,,,,,,,,,,
,,,,,,,,,,,,,,,,,,,,,,,,,,,,,,,,,,,,,,
,,,,,,,,,,,,,,,,,,,,,,,,,,,,,,,,,,,,,,
,,,,,,,,,,,,,,,,,,,,,,,,,,,,,,,,,,,,,,
,,,,,,,,,,,,,,,,,,,,,,,,,,,,,,,,,,,,,,
,,,,,,,,,,,,,,,,,,,,,,,,,,,,,,,,,,,,,,
,,,,,,,,,,,,,,,,,,,,,,,,,,,,,,,,,,,,,,
,,,,,,,,,,,,,,,,,,,,,,,,,,,,,,,,,,,,,,
,,,,,,,,,,,,,,,,,,,,,,,,,,,,,,,,,,,,,,
,,,,,,,,,,,,,,,,,,,,,,,,,,,,,,,,,,,,,,
,,,,,,,,,,,,,,,,,,,,,,,,,,,,,,,,,,,,,,
,,,,,,,,,,,,,,,,,,,,,,,,,,,,,,,,,,,,,,
,,,,,,,,,,,,,,,,,,,,,,,,,,,,,,,,,,,,,,
,,,,,,,,,,,,,,,,,,,,,,,,,,,,,,,,,,,,,,
,,,,,,,,,,,,,,,,,,,,,,,,,,,,,,,,,,,,,,
,,,,,,,,,,,,,,,,,,,,,,,,,,,,,,,,,,,,,,
,,,,,,,,,,,,,,,,,,,,,,,,,,,,,,,,,,,,,,
,,,,,,,,,,,,,,,,,,,,,,,,,,,,,,,,,,,,,,
,,,,,,,,,,,,,,,,,,,,,,,,,,,,,,,,,,,,,,
,,,,,,,,,,,,,,,,,,,,,,,,,,,,,,,,,,,,,,
,,,,,,,,,,,,,,,,,,,,,,,,,,,,,,,,,,,,,,
,,,,,,,,,,,,,,,,,,,,,,,,,,,,,,,,,,,,,,
,,,,,,,,,,,,,,,,,,,,,,,,,,,,,,,,,,,,,,
,,,,,,,,,,,,,,,,,,,,,,,,,,,,,,,,,,,,,,
,,,,,,,,,,,,,,,,,,,,,,,,,,,,,,,,,,,,,,
,,,,,,,,,,,,,,,,,,,,,,,,,,,,,,,,,,,,,,
,,,,,,,,,,,,,,,,,,,,,,,,,,,,,,,,,,,,,,
,,,,,,,,,,,,,,,,,,,,,,,,,,,,,,,,,,,,,,
,,,,,,,,,,,,,,,,,,,,,,,,,,,,,,,,,,,,,,
,,,,,,,,,,,,,,,,,,,,,,,,,,,,,,,,,,,,,,
,,,,,,,,,,,,,,,,,,,,,,,,,,,,,,,,,,,,,,
,,,,,,,,,,,,,,,,,,,,,,,,,,,,,,,,,,,,,,
,,,,,,,,,,,,,,,,,,,,,,,,,,,,,,,,,,,,,,
,,,,,,,,,,,,,,,,,,,,,,,,,,,,,,,,,,,,,,
,,,,,,,,,,,,,,,,,,,,,,,,,,,,,,,,,,,,,,
,,,,,,,,,,,,,,,,,,,,,,,,,,,,,,,,,,,,,,
,,,,,,,,,,,,,,,,,,,,,,,,,,,,,,,,,,,,,,
,,,,,,,,,,,,,,,,,,,,,,,,,,,,,,,,,,,,,,
,,,,,,,,,,,,,,,,,,,,,,,,,,,,,,,,,,,,,,
,,,,,,,,,,,,,,,,,,,,,,,,,,,,,,,,,,,,,,
,,,,,,,,,,,,,,,,,,,,,,,,,,,,,,,,,,,,,,
,,,,,,,,,,,,,,,,,,,,,,,,,,,,,,,,,,,,,,
,,,,,,,,,,,,,,,,,,,,,,,,,,,,,,,,,,,,,,
,,,,,,,,,,,,,,,,,,,,,,,,,,,,,,,,,,,,,,
,,,,,,,,,,,,,,,,,,,,,,,,,,,,,,,,,,,,,,
,,,,,,,,,,,,,,,,,,,,,,,,,,,,,,,,,,,,,,
,,,,,,,,,,,,,,,,,,,,,,,,,,,,,,,,,,,,,,
,,,,,,,,,,,,,,,,,,,,,,,,,,,,,,,,,,,,,,
,,,,,,,,,,,,,,,,,,,,,,,,,,,,,,,,,,,,,,
,,,,,,,,,,,,,,,,,,,,,,,,,,,,,,,,,,,,,,
,,,,,,,,,,,,,,,,,,,,,,,,,,,,,,,,,,,,,,
,,,,,,,,,,,,,,,,,,,,,,,,,,,,,,,,,,,,,,
,,,,,,,,,,,,,,,,,,,,,,,,,,,,,,,,,,,,,,
,,,,,,,,,,,,,,,,,,,,,,,,,,,,,,,,,,,,,,
,,,,,,,,,,,,,,,,,,,,,,,,,,,,,,,,,,,,,,
,,,,,,,,,,,,,,,,,,,,,,,,,,,,,,,,,,,,,,
,,,,,,,,,,,,,,,,,,,,,,,,,,,,,,,,,,,,,,
,,,,,,,,,,,,,,,,,,,,,,,,,,,,,,,,,,,,,,
,,,,,,,,,,,,,,,,,,,,,,,,,,,,,,,,,,,,,,
,,,,,,,,,,,,,,,,,,,,,,,,,,,,,,,,,,,,,,
,,,,,,,,,,,,,,,,,,,,,,,,,,,,,,,,,,,,,,
,,,,,,,,,,,,,,,,,,,,,,,,,,,,,,,,,,,,,,
,,,,,,,,,,,,,,,,,,,,,,,,,,,,,,,,,,,,,,
,,,,,,,,,,,,,,,,,,,,,,,,,,,,,,,,,,,,,,
,,,,,,,,,,,,,,,,,,,,,,,,,,,,,,,,,,,,,,
,,,,,,,,,,,,,,,,,,,,,,,,,,,,,,,,,,,,,,
,,,,,,,,,,,,,,,,,,,,,,,,,,,,,,,,,,,,,,
,,,,,,,,,,,,,,,,,,,,,,,,,,,,,,,,,,,,,,
,,,,,,,,,,,,,,,,,,,,,,,,,,,,,,,,,,,,,,
,,,,,,,,,,,,,,,,,,,,,,,,,,,,,,,,,,,,,,
,,,,,,,,,,,,,,,,,,,,,,,,,,,,,,,,,,,,,,
,,,,,,,,,,,,,,,,,,,,,,,,,,,,,,,,,,,,,,
,,,,,,,,,,,,,,,,,,,,,,,,,,,,,,,,,,,,,,
,,,,,,,,,,,,,,,,,,,,,,,,,,,,,,,,,,,,,,
,,,,,,,,,,,,,,,,,,,,,,,,,,,,,,,,,,,,,,
,,,,,,,,,,,,,,,,,,,,,,,,,,,,,,,,,,,,,,
,,,,,,,,,,,,,,,,,,,,,,,,,,,,,,,,,,,,,,
,,,,,,,,,,,,,,,,,,,,,,,,,,,,,,,,,,,,,,
,,,,,,,,,,,,,,,,,,,,,,,,,,,,,,,,,,,,,,
,,,,,,,,,,,,,,,,,,,,,,,,,,,,,,,,,,,,,,
,,,,,,,,,,,,,,,,,,,,,,,,,,,,,,,,,,,,,,
,,,,,,,,,,,,,,,,,,,,,,,,,,,,,,,,,,,,,,
,,,,,,,,,,,,,,,,,,,,,,,,,,,,,,,,,,,,,,
,,,,,,,,,,,,,,,,,,,,,,,,,,,,,,,,,,,,,,
,,,,,,,,,,,,,,,,,,,,,,,,,,,,,,,,,,,,,,
,,,,,,,,,,,,,,,,,,,,,,,,,,,,,,,,,,,,,,
,,,,,,,,,,,,,,,,,,,,,,,,,,,,,,,,,,,,,,
,,,,,,,,,,,,,,,,,,,,,,,,,,,,,,,,,,,,,,
,,,,,,,,,,,,,,,,,,,,,,,,,,,,,,,,,,,,,,
,,,,,,,,,,,,,,,,,,,,,,,,,,,,,,,,,,,,,,
,,,,,,,,,,,,,,,,,,,,,,,,,,,,,,,,,,,,,,
,,,,,,,,,,,,,,,,,,,,,,,,,,,,,,,,,,,,,,
,,,,,,,,,,,,,,,,,,,,,,,,,,,,,,,,,,,,,,
,,,,,,,,,,,,,,,,,,,,,,,,,,,,,,,,,,,,,,
,,,,,,,,,,,,,,,,,,,,,,,,,,,,,,,,,,,,,,
,,,,,,,,,,,,,,,,,,,,,,,,,,,,,,,,,,,,,,
,,,,,,,,,,,,,,,,,,,,,,,,,,,,,,,,,,,,,,
,,,,,,,,,,,,,,,,,,,,,,,,,,,,,,,,,,,,,,
,,,,,,,,,,,,,,,,,,,,,,,,,,,,,,,,,,,,,,
,,,,,,,,,,,,,,,,,,,,,,,,,,,,,,,,,,,,,,
,,,,,,,,,,,,,,,,,,,,,,,,,,,,,,,,,,,,,,
,,,,,,,,,,,,,,,,,,,,,,,,,,,,,,,,,,,,,,
,,,,,,,,,,,,,,,,,,,,,,,,,,,,,,,,,,,,,,
,,,,,,,,,,,,,,,,,,,,,,,,,,,,,,,,,,,,,,
,,,,,,,,,,,,,,,,,,,,,,,,,,,,,,,,,,,,,,
,,,,,,,,,,,,,,,,,,,,,,,,,,,,,,,,,,,,,,
,,,,,,,,,,,,,,,,,,,,,,,,,,,,,,,,,,,,,,
,,,,,,,,,,,,,,,,,,,,,,,,,,,,,,,,,,,,,,
,,,,,,,,,,,,,,,,,,,,,,,,,,,,,,,,,,,,,,
,,,,,,,,,,,,,,,,,,,,,,,,,,,,,,,,,,,,,,
,,,,,,,,,,,,,,,,,,,,,,,,,,,,,,,,,,,,,,
,,,,,,,,,,,,,,,,,,,,,,,,,,,,,,,,,,,,,,
,,,,,,,,,,,,,,,,,,,,,,,,,,,,,,,,,,,,,,
,,,,,,,,,,,,,,,,,,,,,,,,,,,,,,,,,,,,,,
,,,,,,,,,,,,,,,,,,,,,,,,,,,,,,,,,,,,,,
,,,,,,,,,,,,,,,,,,,,,,,,,,,,,,,,,,,,,,
,,,,,,,,,,,,,,,,,,,,,,,,,,,,,,,,,,,,,,
,,,,,,,,,,,,,,,,,,,,,,,,,,,,,,,,,,,,,,
,,,,,,,,,,,,,,,,,,,,,,,,,,,,,,,,,,,,,,
,,,,,,,,,,,,,,,,,,,,,,,,,,,,,,,,,,,,,,
,,,,,,,,,,,,,,,,,,,,,,,,,,,,,,,,,,,,,,
,,,,,,,,,,,,,,,,,,,,,,,,,,,,,,,,,,,,,,
,,,,,,,,,,,,,,,,,,,,,,,,,,,,,,,,,,,,,,
,,,,,,,,,,,,,,,,,,,,,,,,,,,,,,,,,,,,,,
,,,,,,,,,,,,,,,,,,,,,,,,,,,,,,,,,,,,,,
,,,,,,,,,,,,,,,,,,,,,,,,,,,,,,,,,,,,,,
,,,,,,,,,,,,,,,,,,,,,,,,,,,,,,,,,,,,,,
,,,,,,,,,,,,,,,,,,,,,,,,,,,,,,,,,,,,,,
,,,,,,,,,,,,,,,,,,,,,,,,,,,,,,,,,,,,,,
,,,,,,,,,,,,,,,,,,,,,,,,,,,,,,,,,,,,,,
,,,,,,,,,,,,,,,,,,,,,,,,,,,,,,,,,,,,,,
,,,,,,,,,,,,,,,,,,,,,,,,,,,,,,,,,,,,,,
,,,,,,,,,,,,,,,,,,,,,,,,,,,,,,,,,,,,,,
,,,,,,,,,,,,,,,,,,,,,,,,,,,,,,,,,,,,,,
,,,,,,,,,,,,,,,,,,,,,,,,,,,,,,,,,,,,,,
,,,,,,,,,,,,,,,,,,,,,,,,,,,,,,,,,,,,,,
,,,,,,,,,,,,,,,,,,,,,,,,,,,,,,,,,,,,,,
,,,,,,,,,,,,,,,,,,,,,,,,,,,,,,,,,,,,,,
,,,,,,,,,,,,,,,,,,,,,,,,,,,,,,,,,,,,,,
,,,,,,,,,,,,,,,,,,,,,,,,,,,,,,,,,,,,,,
,,,,,,,,,,,,,,,,,,,,,,,,,,,,,,,,,,,,,,
,,,,,,,,,,,,,,,,,,,,,,,,,,,,,,,,,,,,,,
,,,,,,,,,,,,,,,,,,,,,,,,,,,,,,,,,,,,,,
,,,,,,,,,,,,,,,,,,,,,,,,,,,,,,,,,,,,,,
,,,,,,,,,,,,,,,,,,,,,,,,,,,,,,,,,,,,,,
,,,,,,,,,,,,,,,,,,,,,,,,,,,,,,,,,,,,,,
,,,,,,,,,,,,,,,,,,,,,,,,,,,,,,,,,,,,,,
,,,,,,,,,,,,,,,,,,,,,,,,,,,,,,,,,,,,,,
,,,,,,,,,,,,,,,,,,,,,,,,,,,,,,,,,,,,,,
,,,,,,,,,,,,,,,,,,,,,,,,,,,,,,,,,,,,,,
,,,,,,,,,,,,,,,,,,,,,,,,,,,,,,,,,,,,,,
,,,,,,,,,,,,,,,,,,,,,,,,,,,,,,,,,,,,,,
,,,,,,,,,,,,,,,,,,,,,,,,,,,,,,,,,,,,,,
,,,,,,,,,,,,,,,,,,,,,,,,,,,,,,,,,,,,,,
,,,,,,,,,,,,,,,,,,,,,,,,,,,,,,,,,,,,,,
,,,,,,,,,,,,,,,,,,,,,,,,,,,,,,,,,,,,,,
,,,,,,,,,,,,,,,,,,,,,,,,,,,,,,,,,,,,,,
,,,,,,,,,,,,,,,,,,,,,,,,,,,,,,,,,,,,,,
,,,,,,,,,,,,,,,,,,,,,,,,,,,,,,,,,,,,,,
,,,,,,,,,,,,,,,,,,,,,,,,,,,,,,,,,,,,,,
,,,,,,,,,,,,,,,,,,,,,,,,,,,,,,,,,,,,,,
,,,,,,,,,,,,,,,,,,,,,,,,,,,,,,,,,,,,,,
,,,,,,,,,,,,,,,,,,,,,,,,,,,,,,,,,,,,,,
,,,,,,,,,,,,,,,,,,,,,,,,,,,,,,,,,,,,,,
,,,,,,,,,,,,,,,,,,,,,,,,,,,,,,,,,,,,,,
,,,,,,,,,,,,,,,,,,,,,,,,,,,,,,,,,,,,,,
,,,,,,,,,,,,,,,,,,,,,,,,,,,,,,,,,,,,,,
,,,,,,,,,,,,,,,,,,,,,,,,,,,,,,,,,,,,,,
,,,,,,,,,,,,,,,,,,,,,,,,,,,,,,,,,,,,,,
,,,,,,,,,,,,,,,,,,,,,,,,,,,,,,,,,,,,,,
,,,,,,,,,,,,,,,,,,,,,,,,,,,,,,,,,,,,,,
,,,,,,,,,,,,,,,,,,,,,,,,,,,,,,,,,,,,,,
,,,,,,,,,,,,,,,,,,,,,,,,,,,,,,,,,,,,,,
,,,,,,,,,,,,,,,,,,,,,,,,,,,,,,,,,,,,,,
,,,,,,,,,,,,,,,,,,,,,,,,,,,,,,,,,,,,,,
,,,,,,,,,,,,,,,,,,,,,,,,,,,,,,,,,,,,,,
,,,,,,,,,,,,,,,,,,,,,,,,,,,,,,,,,,,,,,
,,,,,,,,,,,,,,,,,,,,,,,,,,,,,,,,,,,,,,
,,,,,,,,,,,,,,,,,,,,,,,,,,,,,,,,,,,,,,
,,,,,,,,,,,,,,,,,,,,,,,,,,,,,,,,,,,,,,
,,,,,,,,,,,,,,,,,,,,,,,,,,,,,,,,,,,,,,
,,,,,,,,,,,,,,,,,,,,,,,,,,,,,,,,,,,,,,
,,,,,,,,,,,,,,,,,,,,,,,,,,,,,,,,,,,,,,
,,,,,,,,,,,,,,,,,,,,,,,,,,,,,,,,,,,,,,
,,,,,,,,,,,,,,,,,,,,,,,,,,,,,,,,,,,,,,
,,,,,,,,,,,,,,,,,,,,,,,,,,,,,,,,,,,,,,
,,,,,,,,,,,,,,,,,,,,,,,,,,,,,,,,,,,,,,
,,,,,,,,,,,,,,,,,,,,,,,,,,,,,,,,,,,,,,
,,,,,,,,,,,,,,,,,,,,,,,,,,,,,,,,,,,,,,
,,,,,,,,,,,,,,,,,,,,,,,,,,,,,,,,,,,,,,
,,,,,,,,,,,,,,,,,,,,,,,,,,,,,,,,,,,,,,
,,,,,,,,,,,,,,,,,,,,,,,,,,,,,,,,,,,,,,
,,,,,,,,,,,,,,,,,,,,,,,,,,,,,,,,,,,,,,
,,,,,,,,,,,,,,,,,,,,,,,,,,,,,,,,,,,,,,
,,,,,,,,,,,,,,,,,,,,,,,,,,,,,,,,,,,,,,
,,,,,,,,,,,,,,,,,,,,,,,,,,,,,,,,,,,,,,
,,,,,,,,,,,,,,,,,,,,,,,,,,,,,,,,,,,,,,
,,,,,,,,,,,,,,,,,,,,,,,,,,,,,,,,,,,,,,
,,,,,,,,,,,,,,,,,,,,,,,,,,,,,,,,,,,,,,
,,,,,,,,,,,,,,,,,,,,,,,,,,,,,,,,,,,,,,
,,,,,,,,,,,,,,,,,,,,,,,,,,,,,,,,,,,,,,
,,,,,,,,,,,,,,,,,,,,,,,,,,,,,,,,,,,,,,
,,,,,,,,,,,,,,,,,,,,,,,,,,,,,,,,,,,,,,
,,,,,,,,,,,,,,,,,,,,,,,,,,,,,,,,,,,,,,
,,,,,,,,,,,,,,,,,,,,,,,,,,,,,,,,,,,,,,
,,,,,,,,,,,,,,,,,,,,,,,,,,,,,,,,,,,,,,
,,,,,,,,,,,,,,,,,,,,,,,,,,,,,,,,,,,,,,
,,,,,,,,,,,,,,,,,,,,,,,,,,,,,,,,,,,,,,
,,,,,,,,,,,,,,,,,,,,,,,,,,,,,,,,,,,,,,
,,,,,,,,,,,,,,,,,,,,,,,,,,,,,,,,,,,,,,
,,,,,,,,,,,,,,,,,,,,,,,,,,,,,,,,,,,,,,
,,,,,,,,,,,,,,,,,,,,,,,,,,,,,,,,,,,,,,
,,,,,,,,,,,,,,,,,,,,,,,,,,,,,,,,,,,,,,
,,,,,,,,,,,,,,,,,,,,,,,,,,,,,,,,,,,,,,
,,,,,,,,,,,,,,,,,,,,,,,,,,,,,,,,,,,,,,
,,,,,,,,,,,,,,,,,,,,,,,,,,,,,,,,,,,,,,
,,,,,,,,,,,,,,,,,,,,,,,,,,,,,,,,,,,,,,
,,,,,,,,,,,,,,,,,,,,,,,,,,,,,,,,,,,,,,
,,,,,,,,,,,,,,,,,,,,,,,,,,,,,,,,,,,,,,
,,,,,,,,,,,,,,,,,,,,,,,,,,,,,,,,,,,,,,
,,,,,,,,,,,,,,,,,,,,,,,,,,,,,,,,,,,,,,
,,,,,,,,,,,,,,,,,,,,,,,,,,,,,,,,,,,,,,
,,,,,,,,,,,,,,,,,,,,,,,,,,,,,,,,,,,,,,
,,,,,,,,,,,,,,,,,,,,,,,,,,,,,,,,,,,,,,
,,,,,,,,,,,,,,,,,,,,,,,,,,,,,,,,,,,,,,
,,,,,,,,,,,,,,,,,,,,,,,,,,,,,,,,,,,,,,
,,,,,,,OK,,,,,,,,,,,,,,,,,,,,,,,,,,,,,,,
,,,,,,,,,,,,,,,,,,,,,,,,,,,,,,,,,,,,,,
,,,,,,,,,,,,,,,,,,,,,,,,,,,,,,,,,,,,,,
,,,,,,,,,,,,,,,,,,,,,,,,,,,,,,,,,,,,,,
,,,,,,,,,,,,,,,,,,,,,,,,,,,,,,,,,,,,,,
,,,,,,,,,,,,,,,,,,,,,,,,,,,,,,,,,,,,,,
,,,,,,,,,,,,,,,,,,,,,,,,,,,,,,,,,,,,,,
,,,,,,,,,,,,,,,,,,,,,,,,,,,,,,,,,,,,,,
,,,,,,,,,,,,,,,,,,,,,,,,,,,,,,,,,,,,,,
,,,,,,,,,,,,,,,,,,,,,,,,,,,,,,,,,,,,,,
,,,,,,,,,,,,,,,,,,,,,,,,,,,,,,,,,,,,,,
,,,,,,,,,,,,,,,,,,,,,,,,,,,,,,,,,,,,,,
,,,,,,,,,,,,,,,,,,,,,,,,,,,,,,,,,,,,,,
,,,,,,,ZLE,,,,,,,,,,,,,,,,,,,,,,,,,,,,,,,